[
  {
    "name": "Mahasri",
    "email": "mahasri@example.com",
    "phone": "+91-9876543210",
    "website": "mahasri.dev"
  },
  {
    "name": "John Doe",
    "email": "john.doe@example.com",
    "phone": "+1-234-567-8901",
    "website": "johndoe.com"
  },
  {
    "name": "Alice Smith",
    "email": "alice.smith@example.com",
    "phone": "+44-1234-567890",
    "website": "aliceworld.net"
  },
  {
    "name": "Bob Johnson",
    "email": "bob.johnson@example.com",
    "phone": "+61-400-123-456",
    "website": "bobjohnson.au"
  },
  {
    "name": "Sofia Lee",
    "email": "sofia.lee@example.com",
    "phone": "+82-10-1234-5678",
    "website": "sofialee.kr"
  },
  {
    "name": "Carlos García",
    "email": "carlos.garcia@example.com",
    "phone": "+34-600-123-456",
    "website": "carlosgarcia.es"
  },
  {
    "name": "Yuki Tanaka",
    "email": "yuki.tanaka@example.com",
    "phone": "+81-90-1234-5678",
    "website": "yukitanaka.jp"
  },
  {
    "name": "Emma Müller",
    "email": "emma.mueller@example.com",
    "phone": "+49-151-12345678",
    "website": "emmamueller.de"
  },
  {
    "name": "Liam O'Brien",
    "email": "liam.obrien@example.com",
    "phone": "+353-85-123-4567",
    "website": "liamobrien.ie"
  },
  {
    "name": "Chen Wei",
    "email": "chen.wei@example.com",
    "phone": "+86-138-1234-5678",
    "website": "chenwei.cn"
  }
]
